{
  "entries": [
    {
      "id": "about",
      "title": "Dmytro Korenko",
      "subtitle": "Software Engineer | Full Stack Developer",
      "description": "I’m an experienced full stack engineer specializing in scalable web applications. I primarily focus on TypeScript-based full-stack projects (Nest.js, React, Next.js).\n\nCurrently, I'm a Lead Front-End Engineer at [Roll’n’Code](https://rollncode.com/). I contribute to the creation and maintenance of UI components that power [EGW Writings](https://egwwritings.org/). frontend, ensuring our platform meets web accessibility standards and best practices.\n\nCheck out my portfolio and let's build something amazing together!",
      "isPublished": true,
      "github": "https://github.com/korenko-git",
      "linkedin": "https://www.linkedin.com/in/korenko-git/",
      "leetcode": "https://leetcode.com/u/korenko-git/",
      "email": "text@mail.com",
      "website": "https://leetcode.com/u/korenko-git/"
    }
  ],
  "version": 4
}