{
  "entries": [
    {
      "id": "exp-1",
      "title": "Front - End Developer",
      "description": "Working on Ellen G.'s interactive website. White Estate with gamification elements. EGW Writings contains a custom Study Center, Cloud Synchronization of all devices, Audiobooks, online and offline advanced Search and support of more than 100 languages.\nCollaborated closely with the design team to implement pixel-perfect layouts and user flows. Implemented CI/CD pipelines and Dockerized the application. Participated in code reviews, hiring processes and mentoring new developers.",
      "isPublished": true,
      "startDate": "2021-01",
      "endDate": "",
      "skills": [
        "React",
        "TypeScript",
        "Next.js",
        "Docker",
        "Jest",
        "Redux",
        "Tailwind",
        "GraphQL",
        "Selenium"
      ],
      "organizationId": "org-mac9psu1"
    },
    {
      "id": "exp-2",
      "title": "Full - Stack Developer",
      "description": "Contributed into development of custom CRM system for a leading gas delivery company in the Ukraine. Designed fronted, utilizing technologies like React, jQuery. Participated in the backend development using PHP, Django, and MariaDB. Developed account management system, user roles, and permissions. Implemented integrations with third-party services, such as Google Roads. Worked on the mobile application using React Native.",
      "isPublished": true,
      "startDate": "2019-03",
      "endDate": "2021-12",
      "skills": [
        "React",
        "PHP",
        "Python",
        "Laravel",
        "Django",
        "jQuery",
        "MySQL",
        "WordPress",
        "ReactNative"
      ],
      "organizationId": "org-mace9hb4"
    }
  ]
}