{
  "entries": [
    {
      "id": "cert-1",
      "title": "NestJS Zero to Hero",
      "description": "A complete course on modern Backend on NodeJS, TypeScript and MongoDB using best practices and the NestJS framework.",
      "isPublished": true,
      "date": "2025-02",
      "skills": [
        "TypeScript",
        "Nest.js",
        "Node.js",
        "MongoDB"
      ],
      "organizationId": "org-mafk14z7",
      "link": "https://www.udemy.com/certificate/UC-4b67c1a2-cd40-43fa-89f9-85b014677b19/"
    },
    {
      "id": "cert-2",
      "title": "React Advanced",
      "description": "Advanced course in React and its ecosystem",
      "isPublished": true,
      "date": "2022-06",
      "skills": [
        "AWS",
        "Node.js",
        "Docker",
        "Kubernetes",
        "Terraform",
        "Python",
        "Microservices",
        "CI/CD",
        "MongoDB",
        "Redis",
        "ELK Stack",
        "Prometheus",
        "Grafana"
      ],
      "organizationId": "meta"
    }
  ]
}