{
  "entries": [
    {
      "id": "edu-1",
      "title": "Master's degree in Software Engineering",
      "description": "Focused on advanced computer science concepts, specializing in machine learning, artificial intelligence, and cloud computing. Worked on various research projects involving neural networks and data-driven applications.",
      "isPublished": true,
      "startDate": "2016-05",
      "endDate": "2018-06",
      "skills": [
        "Python",
        "Data_Analysis",
        "Cloud_Computing",
        "Machine_Learning",
        "OpenCV"
      ],
      "organizationId": "org-macmbiyb",
      "link": "images/education-edu-1-link.png"
    },
    {
      "id": "edu-2",
      "title": "Bachelor's degree in Software Engineering",
      "description": "Gained a strong foundation in software development, networking, and database management. Developed projects in web and mobile applications, and learned to implement full-stack solutions.",
      "isPublished": true,
      "startDate": "2012-01",
      "endDate": "2016-06",
      "skills": [
        "JavaScript",
        "PHP",
        "Web_Development",
        "Mobile_Development",
        "Database_Management",
        "C#",
        "Network",
        "programming",
        "Desktop_programming"
      ],
      "organizationId": "org-macmbiyb",
      "link": "images/education-edu-2-link.png"
    }
  ]
}