{
  "entries": [
    {
      "id": "org-mac9psu1",
      "title": "Roll’n’Code",
      "description": "Description",
      "isPublished": false,
      "logo": "images/organization-org-mac9psu1-logo.png",
      "url": "https://rollncode.com/"
    },
    {
      "id": "org-mace9hb4",
      "title": "krgaz",
      "description": "Description",
      "isPublished": false,
      "logo": "images/organization-org-mace9hb4-logo.png",
      "url": "https://krgaz.naftogaz.com/"
    },
    {
      "id": "org-macm8hcq",
      "title": "Freelancehunt",
      "description": "Description",
      "isPublished": false,
      "logo": "images/organization-org-macm8hcq-logo.png",
      "url": "https://freelancehunt.com/en"
    },
    {
      "id": "org-macmbiyb",
      "title": "Kryvyi Rih National University",
      "description": "Master's degree in Software Engineering",
      "isPublished": false,
      "logo": "images/organization-org-macmbiyb-logo.png",
      "url": "https://www.knu.edu.ua/en"
    },
    {
      "id": "org-mafk14z7",
      "title": "Udemy",
      "description": "Description",
      "logo": "images/organization-org-mafk14z7-logo.png",
      "url": "https://www.udemy.com/"
    }
  ]
}