{
  "entries": [
    {
      "id": "about",
      "title": "Dmytro Korenko",
      "subtitle": "Software Engineer | Full Stack Developer",
      "description": "**Full-stack engineer** with **6+ years** of experience building scalable web applications using **TypeScript**, with a strong focus on **Next.js**, **NestJS**, and **React**.\n\nSince **2021** — **Lead Front-End Engineer** at *[Roll’n’Code](https://rollncode.com/)*. Key contributor to the **[EGW Writings](https://egwwritings.org/)** platform:  \n– Architected and developed UI components using **Next.js** and **Tailwind**  \n– Ensured accessibility compliance (WCAG) and responsive performance across devices  \n– Improved CI/CD workflows via **Docker**, **GitHub Actions**, and **automated testing**\n\n**Core expertise**:  \n– **Next.js**, **NestJS**, **React**, **TypeScript**  \n– Scalable architecture, API design, SSR/SSG\n– Testing: **Jest**, **Selenium**  \n– DevOps basics: **Docker**, CI/CD, Git workflows",
      "isPublished": true,
      "github": "https://github.com/korenko-git",
      "linkedin": "https://www.linkedin.com/in/korenko-git/",
      "leetcode": "https://leetcode.com/u/korenko-git/",
      "email": "text@mail.com",
      "website": "https://leetcode.com/u/korenko-git/"
    }
  ]
}