{
  "entries": [
    {
      "id": "about",
      "title": "Dmytro Korenko",
      "subtitle": "Software Engineer | Full Stack Developer",
      "description": "**Full-stack software engineer** with **over 6 years** of experience designing and delivering scalable web applications, specializing in **TypeScript**, **Next.js**, **NestJS**, and **React**. \n\nProven track record as **Lead Front-End Engineer**, driving architecture and development of complex, multilingual platforms with a strong emphasis on **accessibility**, **performance**, and **CI/CD automation**. Skilled in modern web technologies, **API design**, and **DevOps practices**, with a solid background in mentoring, code quality, and cross-functional collaboration. Adept at transforming legacy systems and optimizing development workflows to accelerate product delivery and enhance maintainability.",
      "isPublished": true,
      "github": "https://github.com/korenko-git",
      "linkedin": "https://www.linkedin.com/in/korenko-git/",
      "leetcode": "https://leetcode.com/u/korenko-git/",
      "email": "depictweb@gmail.com",
      "website": "https://leetcode.com/u/korenko-git/"
    }
  ]
}