{
  "entries": [
    {
      "id": "edu-1",
      "title": "Master's degree in Software Engineering",
      "description": "- Specialized in **machine learning**, **image analysis**, and **cloud computing**  \n- Developed projects using **OpenCV** for gesture and figure recognition  \n- Participated in academic research on **neural networks** and **data processing** ",
      "isPublished": true,
      "startDate": "2016-05",
      "endDate": "2018-06",
      "skills": [
        "Python",
        "Data Analysis",
        "Cloud Computing",
        "Machine Learning",
        "OpenCV"
      ],
      "organizationId": "org-macmbiyb",
      "link": "images/education-edu-1-link.png"
    },
    {
      "id": "edu-2",
      "title": "Bachelor's degree in Software Engineering",
      "description": "- Built foundation in **software development**, **networking**, and **database management**  \n- Developed full-stack web and mobile applications as part of coursework  ",
      "isPublished": true,
      "startDate": "2012-01",
      "endDate": "2016-06",
      "skills": [
        "JavaScript",
        "PHP",
        "Web Development",
        "Mobile Development",
        "Database Management",
        "C#",
        "Network",
        "Desktop programming"
      ],
      "organizationId": "org-macmbiyb",
      "link": "images/education-edu-2-link.png"
    }
  ]
}