{
  "entries": [
    {
      "id": "exp-1",
      "title": "Front - End Developer",
      "description": "- Developed and maintained UI components for **EGW Writings** — a multilingual platform with advanced features: Study Center, cloud sync, audiobooks, search, and accessibility compliance  \n- Worked closely with designers to implement **pixel-perfect** layouts and seamless user flows  \n- Built and maintained **CI/CD pipelines**, **Dockerized** front-end environments  \n- Participated in **code reviews**, **mentoring**, and **hiring** processes  ",
      "isPublished": true,
      "startDate": "2021-01",
      "endDate": "",
      "skills": [
        "React",
        "TypeScript",
        "Next.js",
        "Docker",
        "Jest",
        "Redux",
        "Tailwind",
        "GraphQL",
        "Selenium"
      ],
      "organizationId": "org-mac9psu1"
    },
    {
      "id": "exp-2",
      "title": "Full - Stack Developer",
      "description": "- Built a CRM system with **React** and **PHP**, integrating **Google Roads API** for real-time route optimization  \n- Developed secure **user and role management** systems (PHP + jQuery)  \n- Created a **React Native** mobile app and web platform for QR-based book tracking and automated overdue reminders  ",
      "isPublished": true,
      "startDate": "2019-03",
      "endDate": "2021-12",
      "skills": [
        "React",
        "PHP",
        "Python",
        "Laravel",
        "Django",
        "jQuery",
        "MySQL",
        "WordPress",
        "ReactNative"
      ],
      "organizationId": "org-mace9hb4"
    },
    {
      "id": "exp-macm8fhc",
      "title": "Full - Stack Developer",
      "description": "- Completed **30+ custom projects** for startups and agencies, from web apps to mobile-ready solutions  \n- Delivered end-to-end solutions using **Laravel**, **PHP**, **jQuery**, **MySQL**, and responsive front-end  \n- Provided long-term support, performance scaling, and third-party integrations  ",
      "isPublished": true,
      "startDate": "2017-01",
      "endDate": "2019-12",
      "skills": [
        "PHP",
        "Laravel",
        "jQuery",
        "MySQL",
        "HTML&SCSS"
      ],
      "organizationId": "org-macm8hcq"
    }
  ]
}