{
  "entries": [
    {
      "id": "proj-1",
      "title": "Online Learning Platform",
      "description": "Development of an interactive platform for online learning with support for video lessons and testing.",
      "isPublished": true,
      "skills": [
        "React",
        "Node.js",
        "MongoDB",
        "WebRTC",
        "Redux",
        "Express.js",
        "Jest",
        "WebSockets",
        "AWS S3",
        "Redis"
      ],
      "source": "https://github.com/example/learning-platform",
      "demo": "https://learning-platform-demo.com"
    },
    {
      "id": "proj-2",
      "title": "Multilingual Landing Page for a Well Drilling Company",
      "description": "A responsive, production-ready landing page built for a regional well drilling service. The project includes full multilingual support (Russian, English, Ukrainian) with automatic generation of localized pages.",
      "isPublished": true,
      "skills": [
        "HTML&SCSS",
        "Gulp",
        "jQuery",
        "JavaScript",
        "Bootstrap",
        "GitHub-Actions"
      ],
      "source": "https://github.com/korenko-git/nedra",
      "demo": "https://korenko-git.github.io/nedra/",
      "image": "images/project-proj-2-image.png"
    }
  ]
}