{
  "entries": [
    {
      "id": "C#",
      "category": "language"
    },
    {
      "id": "PHP",
      "category": "language"
    },
    {
      "id": "Python",
      "category": "language"
    },
    {
      "id": "TypeScript",
      "category": "language"
    },
    {
      "id": "Bootstrap",
      "category": "coreFrontend"
    },
    {
      "id": "HTML&SCSS",
      "category": "coreFrontend"
    },
    {
      "id": "JavaScript",
      "category": "coreFrontend"
    },
    {
      "id": "jQuery",
      "category": "coreFrontend"
    },
    {
      "id": "Material-UI",
      "category": "coreFrontend"
    },
    {
      "id": "Next.js",
      "category": "coreFrontend"
    },
    {
      "id": "React",
      "category": "coreFrontend"
    },
    {
      "id": "ReactNative",
      "category": "coreFrontend"
    },
    {
      "id": "Redux",
      "category": "coreFrontend"
    },
    {
      "id": "Redux-Saga",
      "category": "coreFrontend"
    },
    {
      "id": "Tailwind",
      "category": "coreFrontend"
    },
    {
      "id": "Django",
      "category": "coreBackend"
    },
    {
      "id": "Express.js",
      "category": "coreBackend"
    },
    {
      "id": "GraphQL",
      "category": "coreBackend"
    },
    {
      "id": "Laravel",
      "category": "coreBackend"
    },
    {
      "id": "Nest.js",
      "category": "coreBackend"
    },
    {
      "id": "NestJS",
      "category": "coreBackend"
    },
    {
      "id": "Node.js",
      "category": "coreBackend"
    },
    {
      "id": "WordPress",
      "category": "coreBackend"
    },
    {
      "id": "MongoDB",
      "category": "database"
    },
    {
      "id": "MySQL",
      "category": "database"
    },
    {
      "id": "PostgreSQL",
      "category": "database"
    },
    {
      "id": "Redis",
      "category": "database"
    },
    {
      "id": "AWS S3",
      "category": "devOps"
    },
    {
      "id": "CI/CD",
      "category": "devOps"
    },
    {
      "id": "Docker",
      "category": "devOps"
    },
    {
      "id": "Jest",
      "category": "testing"
    },
    {
      "id": "Playwright",
      "category": "testing"
    },
    {
      "id": "Selenium",
      "category": "testing"
    },
    {
      "id": "GitHub-Actions",
      "category": "tooling"
    },
    {
      "id": "Gulp",
      "category": "tooling"
    },
    {
      "id": "Socket.io",
      "category": "tooling"
    },
    {
      "id": "Vite",
      "category": "tooling"
    },
    {
      "id": "Webpack",
      "category": "tooling"
    },
    {
      "id": "WebRTC",
      "category": "tooling"
    },
    {
      "id": "WebSockets",
      "category": "tooling"
    },
    {
      "id": "Cloud Computing",
      "category": "uncategorized"
    },
    {
      "id": "Data Analysis",
      "category": "uncategorized"
    },
    {
      "id": "Database Management",
      "category": "uncategorized"
    },
    {
      "id": "Desktop programming",
      "category": "uncategorized"
    },
    {
      "id": "Machine Learning",
      "category": "uncategorized"
    },
    {
      "id": "Mobile Development",
      "category": "uncategorized"
    },
    {
      "id": "Network",
      "category": "uncategorized"
    },
    {
      "id": "OpenCV",
      "category": "uncategorized"
    },
    {
      "id": "Web Development",
      "category": "uncategorized"
    }
  ]
}