{
  "entries": [
    {
      "id": "exp-1",
      "title": "Front - End Developer",
      "description": "Working on Ellen G.'s interactive website. White Estate with gamification elements. EGW Writings contains a custom Study Center, Cloud Synchronization of all devices, Audiobooks, online and offline advanced Search and support of more than 100 languages.\nCollaborated closely with the design team to implement pixel-perfect layouts and user flows. Implemented CI/CD pipelines and Dockerized the application. Participated in code reviews, hiring processes and mentoring new developers.",
      "isPublished": true,
      "startDate": "2021-01",
      "endDate": "",
      "skills": [
        "React",
        "TypeScript",
        "Next.js",
        "Docker",
        "Jest",
        "Redux",
        "Tailwind",
        "GraphQL",
        "Selenium"
      ],
      "organizationId": "org-mac9psu1"
    },
    {
      "id": "exp-2",
      "title": "Cloud Solutions Engineer",
      "description": "Design and implementation of cloud-native applications and infrastructure",
      "isPublished": true,
      "startDate": "2019-03",
      "endDate": "2020-12",
      "skills": [
        "AWS",
        "Node.js",
        "Docker",
        "Kubernetes",
        "Terraform",
        "Python",
        "Microservices",
        "CI/CD",
        "MongoDB",
        "Redis",
        "ELK Stack",
        "Prometheus",
        "Grafana"
      ],
      "organizationId": "aws"
    }
  ]
}